reviewer_name,reviewer_rating,review_title,review_text,place_of_review,date_of_review,upvotes,downvotes
Sumit  Kumar,5,Wonderful,I think In this price category it's best dosa tawa. I tried it and it turned out to be great. Thanks Flipkart!READ MORE,"Certified Buyer, Lakhisarai","Aug, 2021",216,216
BHARAT GALAGALI,5,Mind-blowing purchase,perfect tawa for Dosa..READ MORE,"Certified Buyer, Hunsur","May, 2021",111,111
Virendra  Kumar,5,Great product,Nice üôÇ productREAD MORE,"Certified Buyer, Chengalpattu District","Jun, 2022",80,80
Yojana Tamang,5,Fabulous!,Wow nice product thank you FlipkartREAD MORE,"Certified Buyer, Mirik","Apr, 2021",96,96
Paramjeet Singh,5,Awesome,Excellent tawa. Made Paneer Tikka on first dayREAD MORE,"Certified Buyer, Rampura Phul","Sep, 2021",59,59
jyoti solanki,5,Best in the market!,Delivery man is also good....READ MORE,"Certified Buyer, Mumbai","Jul, 2021",54,54
Priya Das,5,Terrific,Nice üëåüëåREAD MORE,"Certified Buyer, Dhemaji","Apr, 2022",27,27
Shareef Tirur,5,Terrific,Value for money product.. Thanx.. Let me write more details after a month.. Now am satisfied with this product..READ MORE,"Certified Buyer, Malappuram","May, 2021",219,219
Flipkart Customer,5,Wonderful,"Nice product, induction compatible, must buy.READ MORE","Certified Buyer, Gangoh","Mar, 2022",119,119
Suresh .R R,5,Classy product,Nice an good condition recive dREAD MORE,"Certified Buyer, Tiruppur","Jun, 2021",21,21
Abhijit sardar,5,Worth every penny,The best tawa for regular use available in such a cheap price in flipkart. The world's best and cheapest tawa. Go for it you will never get disappointedüòÑüòÉüòÉREAD MORE,"Certified Buyer, Kolkata","Oct, 2021",284,284
B.Raja sekhar B.Raja sekhar,5,Terrific,Nice colour..... And nice productREAD MORE,"Certified Buyer, Mandapeta","Jul, 2021",57,57
Subrajit  Padhan,5,Just wow!,No 1 quality productsREAD MORE,"Certified Buyer, Kalahandi District","Jan, 2022",104,104
shivam singh,5,Just wow!,Good productREAD MORE,"Certified Buyer, Jashpur District","Jun, 2021",68,68
Flipkart Customer,5,Terrific,Nice product and value of money item was too good I'll prefer this only and it can use only dosa purpose onlyREAD MORE,"Certified Buyer, Mantralayam","Apr, 2022",22,22
Sudheep Deepu,5,Excellent,good one... as expected.. its my second purchase of this tawa.. its really nice now our family and grand parents family are using thisREAD MORE,"Certified Buyer, Nellore","Dec, 2019",378,378
Muthuraja MG,3,Good,Value for moneyREAD MORE,"Certified Buyer, Andipatti Jakkampatti","Dec, 2021",73,73
Ashutosh Anand,5,Worth every penny,Smarty productREAD MORE,"Certified Buyer, Dumka","Nov, 2020",23,23
Papu  Ruidas,4,Very Good,nice üôÇ mastersREAD MORE,"Certified Buyer, Asansol","Feb, 2022",12,12
Flipkart Customer,4,Pretty good,Good qualityüëçüèªüëçüèªüëçüèªüëçüèªREAD MORE,"Certified Buyer, Maur","Aug, 2022",11,11
Kathiresan PoorniKamal ,4,Very Good,Good ok for the priceREAD MORE,"Certified Buyer, Madurai",3 months ago,7,7
Ramniwas  Saini,5,Classy product,This sis best product  big pan I am use product best expression..READ MORE,"Certified Buyer, Karauli","Sep, 2020",63,63
Flipkart Customer,5,Classy product,Nice product super Its 26cm Tnx FlipkartREAD MORE,"Certified Buyer, Nedumangad","Jun, 2021",16,16
Flipkart Customer,5,Fabulous!,Good üòçüíØREAD MORE,"Certified Buyer, Kavali","Feb, 2022",7,7
Claret Fernandes,4,Very Good,Good productREAD MORE,"Certified Buyer, Mandrem","Nov, 2021",9,9
Pramila s,5,Mind-blowing purchase,Nice üëçREAD MORE,"Certified Buyer, Navi Mumbai","May, 2021",5,5
Bishakha Chowdhury,,Expected a better product,"I am writing this review after 3 day usage. The back coating is coming off little. The non stick coating is also getting off very little from the sides. For the price the quality could have been better. Price and quality should go hand in hand. I do not recommend this tawa for people eating dosa every other day, this tawa will not be able to take sustain its quality over time. It is good for people who eat dosa once in a week or once in two weeks..READ MORE","Certified Buyer, Lumding","Jul, 2021",269,269
Flipkart Customer,4,Very Good,GoodREAD MORE,"Certified Buyer, New Delhi","Oct, 2021",15,15
Flipkart Customer,5,Fabulous!,SuperREAD MORE,"Certified Buyer, Mysuru","Oct, 2021",12,12
Revati  Dharmarakshak,4,Good quality product,It's really good.Size is amazing.Can be used on both induction as well as on gas.It's non sticky but the colour fades away quickly.Otherwise overall product is good. U can go for it.üëçüèªREAD MORE,"Certified Buyer, Aurangabad","Jul, 2022",6,6
Sh√†rmil√† R√¨y√†s,5,Highly recommended,It's really good and induction based....also fast delivery tnq flipcart.... üíûüòçREAD MORE,"Certified Buyer, Pudukkottai District","Jan, 2022",9,9
Flipkart Customer,5,Excellent,I am satisfied with the product it is non sticky I am very  happy üòäüòäüòäüòä‚ò∫‚ò∫‚ò∫‚ò∫READ MORE,"Certified Buyer, Dehradun","Sep, 2020",10,10
Nuraddin Ali,5,Highly recommended,Nice TawaüëåREAD MORE,"Certified Buyer, Cuncolim","Oct, 2022",5,5
Flipkart Customer,5,Fabulous!,Nice productREAD MORE,"Certified Buyer, Karauli District","Jul, 2020",15,15
Flipkart Customer,,Slightly disappointed,Back colour coating gone for just using two days. Don't buy .waste of moneyREAD MORE,"Certified Buyer, Ysr District","Jan, 2022",24,24
Alok Mishra,,Absolute rubbish!,"I am changing rating from 5 to 1 star. Backside coating getting removed in few days, they claim to be induction based but its not. We bought it for induction but its not working on any induction, wasted money.READ MORE","Certified Buyer, Bengaluru","Dec, 2020",32,32
Moni Pal,5,Classy product,Very well dosa tawaREAD MORE,"Certified Buyer, Unnao District","Jun, 2021",12,12
Flipkart Customer,,Worthless,Very bad productREAD MORE,"Certified Buyer, Panachikkad","Mar, 2022",7,7
Namitha Vipparthi,5,Great product,Super product üëåüëåvery strong tqq soo much flipkartüòäüòäüòäREAD MORE,"Certified Buyer, Palacole","Oct, 2020",7,7
Shahzad Alam,5,Super!,Good product for the induction cooking also Quality is ExcellentREAD MORE,"Certified Buyer, Barauli","Nov, 2022",3,3
Khushbu Shaikh,5,Super!,Very nice product ü•∞READ MORE,"Certified Buyer, New Delhi","Aug, 2022",4,4
VIMALKUMAR NAGARAJ ,5,Wonderful,Good product.  AmazingREAD MORE,"Certified Buyer, Bhavanisagar","Mar, 2022",3,3
Ajit  Singh,5,Wonderful,It's the best but bottom surface isn't flat properly when we use on induction it  movesREAD MORE,"Certified Buyer, Bhojpur District","Dec, 2021",4,4
Flipkart Customer,5,Mind-blowing purchase,GoodREAD MORE,"Certified Buyer, Nirmal District","Sep, 2021",2,2
bithika  datta,3,Just okay,"Not soo good quality,but ok in priceREAD MORE","Certified Buyer, Chandpur North Twenty Four Parganas District","Jul, 2020",23,23
Vaishali Karande,5,Mind-blowing purchase,Best product and best serviceREAD MORE,"Certified Buyer, Satara District","Feb, 2022",13,13
Flipkart Customer,,Very poor,"Handle is loose, screws doesnt fit in the holes.READ MORE","Certified Buyer, Ranga Reddy","Oct, 2021",8,8
Flipkart Customer,5,Just wow!,Very niceREAD MORE,"Certified Buyer, Nashik","May, 2021",8,8
Flipkart Customer,5,Terrific purchase,"Very nice product , quality satisfied, easy to use.READ MORE","Certified Buyer, Ranchi","Sep, 2020",4,4
Pankaj  Dubey ,,Absolute rubbish!,This tawa is not working on induction ..Plz Don't buy ...READ MORE,"Certified Buyer, Jaunpur District","Jan, 2022",6,6
Salma Sultana,4,Delightful,It's really goodREAD MORE,"Certified Buyer, Uttar Dinajpur District","Sep, 2020",2,2
Priyanka Gupta,5,Mind-blowing purchase,Nice product.... Love itü•∞ü•∞READ MORE,"Certified Buyer, Bhopal","Apr, 2022",10,10
Sathish Kumar,4,Really Nice,Ok not bad üëçüëçüëçREAD MORE,"Certified Buyer, Kangayam","Jun, 2021",7,7
Tarashankar Paliwal,5,Must buy!,Very nice tawa build quality goodREAD MORE,"Certified Buyer, Jaipur","Nov, 2020",14,14
Pallavi Jadhal,4,Worth the money,GoodREAD MORE,"Certified Buyer, Amravati District","Jun, 2021",11,11
Flipkart Customer,5,Best in the market!,Good quality.READ MORE,"Certified Buyer, Kolkata","Jul, 2021",5,5
Flipkart Customer,5,Perfect product!,Good quality üëçüí™üí™READ MORE,"Certified Buyer, Margherita","Nov, 2020",3,3
Ram Pathak,5,Mind-blowing purchase,SuperbREAD MORE,"Certified Buyer, Raipur","Jun, 2021",11,11
Ankit Choudhary,5,Must buy!,"I liked this product very much. It is strong hence a little heavy. Size is big, which I required. Perfect for dosa, omelette. Didn't use it on induction, but it seems it will easily work on that too. Just loved the product.READ MORE","Certified Buyer, Begusarai District","Oct, 2021",18,18
Flipkart Customer,5,Wonderful,Cook well üòãREAD MORE,"Certified Buyer, New Delhi","Aug, 2022",3,3
vishvam pandya,5,Must buy!,Nice you can buyREAD MORE,"Certified Buyer, Bhavnagar District","Aug, 2022",3,3
V.S. Chauhan,5,Terrific purchase,Good product in this price thanks to Delivery boy and Flipkart alsoREAD MORE,"Certified Buyer, Kheri District","Jun, 2022",2,2
Naman Kumar,5,Must buy!,very nice product..READ MORE,"Certified Buyer, Jamui District","Jan, 2022",2,2
Flipkart Customer,5,Mind-blowing purchase,Best super in the marketREAD MORE,"Certified Buyer, Mandi Dabwali","Dec, 2021",2,2
Dinesh Priya,5,Highly recommended,SuperREAD MORE,"Certified Buyer, Thanjavur District","Nov, 2021",2,2
Flipkart Customer,5,Worth every penny,In this price superREAD MORE,"Certified Buyer, Vijayawada","Aug, 2021",3,3
Flipkart Customer,5,Worth every penny,"Excellent Experience , I Really Liked The Product It Is Lightweight. And According To The Price It Has Value for Money.......READ MORE","Certified Buyer, Lucknow","Jun, 2021",2,2
Gaddam bhargavi,,Waste of money!,"It is waste product,I took this to make dosa the back coat is coming out,then tried toast bread,in I the I saw same black coat is coming with bread also,waste of money,I excepted so much,but it not reached my expectionsREAD MORE","Certified Buyer, Hyderabad","Jul, 2022",5,5
Piu  Sharma ,,Slightly disappointed,Color is removed within 1 useREAD MORE,"Certified Buyer, New Delhi","May, 2022",4,4
Flipkart Customer,5,Terrific,Value of moneyREAD MORE,"Certified Buyer, Tiruchirappalli","Apr, 2022",4,4
Flipkart Customer,5,Great product,Love nan stik tawa very niceREAD MORE,"Certified Buyer, Mirzapur District","Dec, 2021",5,5
Aabha Singh,5,Just wow!,Nice product.READ MORE,"Certified Buyer, Fatehpur District","May, 2021",5,5
Priyanka Bharti,4,Delightful,Nice dosa tava but I am very disappointed from coating in back side is gone when making dosa and it is not ISI certified üòêREAD MORE,"Certified Buyer, Malihabad","May, 2021",8,8
Pooja  Jha,5,Terrific,NiceREAD MORE,"Certified Buyer, Darbhanga","May, 2021",5,5
Jeni B,5,Best in the market!,Really nice .good product. Looking greatREAD MORE,"Certified Buyer, Kanakkampalayam","Dec, 2021",5,5
JAYALAKSHMI Perumal,5,Brilliant,Nice product value for moneyREAD MORE,"Certified Buyer, Coimbatore","Jun, 2021",5,5
Sonali D,,Horrible,Very poor quality..don't buyREAD MORE,"Certified Buyer, Pune","Aug, 2020",6,6
Shiv  Naresh,5,Terrific,awesome tawa at 250 price rangeREAD MORE,"Certified Buyer, Bah","Nov, 2020",2,2
Diksha negi,4,Very Good,It's nice product ‚ù§Ô∏èREAD MORE,"Certified Buyer, Rishikesh","Jul, 2022",4,4
Sili  Sahu,4,Pretty good,Very nice üëå product.Thank you flipkart.READ MORE,"Certified Buyer, Ganjam District","May, 2022",3,3
Yasar Arabath,4,Very Good,Low price best qualityREAD MORE,"Certified Buyer, Erode","Jan, 2022",4,4
Subhasri Renganathan,,Moderate,Very perfect in size and quality of the product but it is not light weight .... But worth of money..... Buy this it's good.READ MORE,"Certified Buyer, Chengalpattu","Jun, 2021",11,11
Mohammad Feroz,5,Wonderful,Very nice tawaREAD MORE,"Certified Buyer, Muzaffarpur District","Oct, 2022",2,2
Ankita  Mishra ,3,Decent product,Quality is very bad of this tava... paint has gone after 1st useREAD MORE,"Certified Buyer, Jaunpur District","Sep, 2022",2,2
Soma Banerjee,5,Excellent,Not used yet but looking goodREAD MORE,"Certified Buyer, Lucknow","Jul, 2022",0,0
Abdul  Jaleel ,5,Perfect product!,Good productREAD MORE,"Certified Buyer, Pathanamthitta District","Jul, 2022",0,0
Flipkart Customer,5,Worth every penny,Awesome product thank flipREAD MORE,"Certified Buyer, Manjeri","Jun, 2022",1,1
Flipkart Customer,4,Wonderful,Value for moneyREAD MORE,"Certified Buyer, Etawah District","May, 2022",0,0
Anu Anand,5,Awesome,Very amazingüëçüòçREAD MORE,"Certified Buyer, Thane","May, 2022",0,0
sunil lenka,3,Nice,"I had used the product for a week, based on my experience in writing this review. The red color coating came off within a day (within a 3 times usage). Induction was good. Overall a decent product in that price range.READ MORE","Certified Buyer, Vizianagaram","Mar, 2022",2,2
Preethi Shetty,4,Very Good,"Best in this price.... quality I don't know,till now I didn't usedREAD MORE","Certified Buyer, Bengaluru","Jan, 2022",1,1
Maheswari,5,Perfect product!,"Worth product,, nice quality, thkuu FlipkartREAD MORE","Certified Buyer, Nagercoil","Jan, 2022",1,1
Aditya kumar Sahu,4,Nice product,"Best in the market , Thanks for flipkart and delivery üöö boyREAD MORE","Certified Buyer, Polasara","Oct, 2021",2,2
Sunilgunagi  Gunagi,5,Wonderful,GoodREAD MORE,"Certified Buyer, Uttara Kannada District","Aug, 2021",1,1
ganesh M,4,Good quality product,GoodREAD MORE,"Certified Buyer, Ranga Reddy","Jul, 2021",2,2
Flipkart Customer,4,Good choice,The tawa is so strong and nice design. But it could have been  included  a wood spoon along with the tawaREAD MORE,"Certified Buyer, Pathanamthitta District","Jun, 2021",1,1
Flipkart Customer,5,Simply awesome,Very nice .good qualityREAD MORE,"Certified Buyer, Fatehpur Sikri","Jul, 2020",0,0
Flipkart Customer,3,Does the job,AverageREAD MORE,"Certified Buyer, Nellore","Jul, 2020",0,0
Prabhjot kour Kour,,Waste of money!,Down surface up and down soo that is why not compatible for induction.READ MORE,"Certified Buyer, Kathua District","Mar, 2022",3,3
Jishu,3,Does the job,' goodREAD MORE,"Certified Buyer, Triprangode","Jul, 2020",2,2
Sandhya Simha,3,Just okay,Small sizeREAD MORE,"Certified Buyer, Nellore","Jul, 2021",0,0
Adiba Rehan,4,Pretty good,Small sizeREAD MORE,"Certified Buyer, Hyderabad",11 months ago,0,0
Dharni Jaipuria,,Unsatisfactory,Bad productsREAD MORE,"Certified Buyer, Kuchinda",10 months ago,0,0
Ankit Sharma,5,Simply awesome,Nice tawa value for moneyREAD MORE,"Certified Buyer, Rohtas District",11 months ago,0,0
Flipkart Customer,5,Terrific purchase,GoodREAD MORE,"Certified Buyer, Ballia District","Mar, 2022",1,1
Sukhvinder kaur Kaur,5,Wonderful,Beautiful dal ke chille bane... Thank u flipcart‚ù§READ MORE,"Certified Buyer, New Delhi","Dec, 2021",0,0
Flipkart Customer,5,Terrific,Nice product and value of money item was too good I'll prefer this only and it can use only dosa purpose onlyREAD MORE,"Certified Buyer, Mantralayam","Apr, 2022",22,22
Kafeel S kafeel,,Hated it!,Not good r not badREAD MORE,"Certified Buyer, Palamaner","Oct, 2020",1,1
Claret Fernandes,4,Very Good,Good productREAD MORE,"Certified Buyer, Mandrem","Nov, 2021",9,9
Flipkart Customer,5,Terrific,Worth for money üíùREAD MORE,"Certified Buyer, Veerapandi Coimbatore District","Jul, 2021",0,0
